facebook.com/gospelforasia|facebook.com/gfaca
twitter.com/gospelforasia|twitter.com/gfaca
pinterest.com/gospelforasia/|pinterest.com/gfaca/
gfa.org/sponsor/search/|gfa.ca/sponsor/search/
gfa.org/women/sponsor/|gfa.ca/women/sponsor/
gfa.org/sponsorachild/choose/|gfa.ca/sponsorachild/choose/
twitter.com/gfaschool|twitter.com/discipleshipca
gfa.org|gfa.ca
gfa-newsletter.org|harvestnewsletter.ca
http://www.gfamedia.org/email/digest/digest-email-header.gif|https://gfamedia.org/ca/email/20180207-weekly-digest-header.jpg
http://www.gfamedia.org/email/pray/prayer-eml-header-600-new.jpg|https://gfamedia.org/ca/email/20180209-prayer-email-header.jpg
http://www.gfamedia.org/email/resources/resource-eml-header-600.jpg|http://gfamedia.org/ca/email/20180327-resource-email-header.jpg
http://www.patheos.com/blogs/gospelforasia/|https://blog.gfa.ca
http://www.gfamedia.org/email/digest/wordpress-icon-email.jpg|https://gfamedia.org/email/digest/blog-icon-email.jpg
