facebook.com/gfaca|facebook.com/gospelforasia
facebook.com/gfa.org|facebook.com/gospelforasia
twitter.com/gfaca|www.twitter.com/gospelforasia
www.gfa.ca/sponsor/search/|www.gfa.org/sponsor/search/
www.gfa.ca/women/sponsor/|www.gfa.org/women/sponsor/
www.gfa.ca/sponsorachild/choose/|www.gfa.org/sponsorachild/choose/
www.pinterest.com/gfaca/|www.pinterest.com/gospelforasia/
pinterest.com/gfaca/|www.pinterest.com/gospelforasia/
www.gfamedia.org/ca/images/lent/2017/b2.jpg|www.gfamedia.org/email/lent/2017/b2-us.jpg
https://www.gfamedia.org/ca/images/lent/2017/idp.jpg|https://gfamedia.org/images/School_of_Discipleship140px.original.jpg
www.gfamedia.org/ca/images/lent/2017/join-staff.jpg|www.gfamedia.org/email/lent/2017/join-staff-us.jpg
www.gfamedia.org/ca/images/lent/2017/email.jpg|www.gfamedia.org/email/lent/2017/email-us.jpg
gfa.ca/discipleship|gfa.org/schoolofdiscipleship
gfa.ca|gfa.org
www.instagram.com/gfaca/|www.instagram.com/gospelforasia/
gfa.org/lent/order/|gfa.org/joinstaff/
gfamedia.org/images/Lent_Booklet140px.original.jpg|gfamedia.org/ca/images/lent/2017/join-staff.jpg
https://www.harvestnewsletter.ca/|https://gfa-newsletter.org/
