www.facebook.com/gospelforasia|www.facebook.com/gfauk.org
www.twitter.com/gospelforasia|twitter.com/gfa_uk
www.gfa.org/sponsor/search/|www.gfauk.org/sponsor/search/
www.gfa.org/women/sponsor/|www.gfauk.org/women/sponsor/
www.gfa.org/sponsorachild/choose/|www.gfauk.org/sponsorachild/choose/
gfa.org|gfauk.org
www.facebook.com/gfaca|www.facebook.com/gfauk.org
twitter.com/gfaca|twitter.com/gfa_uk
www.facebook.com/gfaca|www.facebook.com/gfauk.org
twitter.com/gfaca|twitter.com/gfa_uk
www.gfa.ca/sponsor/search/|www.gfauk.org/sponsor/search/
www.gfa.ca/women/sponsor/|www.gfauk.org/women/sponsor/
www.gfa.ca/sponsorachild/choose/|www.gfauk.org/sponsorachild/choose/
www.gfa.ca/veil-of-tears-dvd/|www.gfauk.org/store/item/veil-tears/
gfa.ca|gfauk.org
https://www.gfamedia.org/ca/images/lent/2017/idp.jpg|https://gfamedia.org/images/B9_for_UK_140px.original.jpg
https://www.gfauk.org/discipleship/|https://www.gfauk.org/book/
https://www.gfauk.org/lent/order/|https://www.gfauk.org/joinstaff/
https://gfamedia.org/images/Lent_Booklet140px.original.jpg|https://www.gfamedia.org/ca/images/lent/2017/join-staff.jpg
