Wills Point, TX 75169|Stoney Creek, ON L8G 1L9
Wills Point, TX|Stoney Creek, ON L8G 1L9
1116 St. Thomas Way|245 King St. E.
800-WIN-ASIA|888-946-2742
800-WIN|888-946
800-946-2742|888-946-2742
www_gfa_org|www_gfa_ca
gfa.org|gfa.ca
7:30|8:30
9:30|10:30
Catalog|Catalogue
catalog|catalogue
Savior|Saviour
Honor|Honour
honor|honour
labor|labour
Centered|Centred
centered|centred
Center|Centre
center|centre
Color|Colour
Colors|Colours
color|colour
favorite|favourite
Tumor|Tumour
tumor|tumour
neighbor|neighbour
Neighbor|Neighbour
endeavor|endeavour
meager|meagre
flavor|flavour
favor|favour
armor|armour
behavior|behaviour
harbor|harbour
fervor|fervour
worshiping|worshipping
marveled|marvelled
